,data/circles/circles_sep_factor_0.4.csv,x,y,label,c1,c2
0,0,0.2119999830862314,0.9898865142621304,0.0,0.6100548157325868,0.1273359751938985
1,1,-0.5895426517927941,0.7788926235306682,0.0,-5.114351976129881,0.36377873728592147
2,2,-0.2777400481488065,0.6968487584585485,0.0,-5.17106526758772,0.46102202875889364
3,3,0.0554094488746885,1.05938061985205,0.0,0.034424131441916694,4.925845528019747
4,4,-0.2979598880189748,0.7440689136063554,0.0,0.017130422492265263,0.7263081148035628
5,5,-0.9298140884536,-0.0313034758579194,0.0,-5.112573011824092,0.7066177254675874
6,6,1.0438218092999354,0.4333344531418892,0.0,0.22851880693570925,0.753543432361177
7,7,0.5856233202633924,0.9550517735173244,0.0,0.9953831006741582,0.1111235339454385
8,8,-0.7235176659943954,1.000832224112726,0.0,-4.927376279352046,0.5379543731998571
9,9,-0.3372527501756958,0.8481350026845523,0.0,0.45459534087867604,4.932955823376827
10,10,-0.4325410509280746,0.7750602440386962,0.0,-4.831731947358296,0.7627074452152054
11,11,-0.8284152151415327,0.2282203733315148,0.0,-4.944825408746445,0.9255832390806727
12,12,0.6998936457361102,0.3066276674022873,0.0,0.6991063025002302,0.4085957423969555
13,13,0.1723886540614606,0.9254923254327018,0.0,-5.138611898817519,0.030401123944262087
14,14,0.6422297469873762,0.8513962269311036,0.0,-4.947702197990062,0.9465992792348514
15,15,-0.3201528804209259,0.9789467719269052,0.0,0.28667925372338576,0.48766891908175447
16,16,0.5810241877542548,0.0352511883656375,0.0,-4.998087142909575,0.17904162228153697
17,17,-0.5061758286798838,0.6274374269208413,0.0,-4.731394205749949,0.8158247643820754
18,18,-0.6339873398509557,0.6448584025406205,0.0,-4.7653196987474,0.4668482286585278
19,19,0.6601984904575916,0.5825473909385983,0.0,-4.917090749826085,0.9503647351936416
20,20,1.1565823354079867,0.0996090790582525,0.0,-4.9908916770096035,0.054282167338160936
21,21,1.1592565501932142,0.1546492019192211,0.0,-5.119573635516233,0.1995258705411923
22,22,-0.663953611432581,0.4622991955866978,0.0,0.7778582105754855,0.44303345370563374
23,23,0.8192302246739441,0.1967830994647529,0.0,-5.217419222526583,0.7828946843671781
24,24,0.2584427875750109,1.047051962497513,0.0,-5.033037371578149,0.7729920268625313
25,25,-0.7506869625474275,0.5932418320724532,0.0,0.9761087515397796,5.006038072580122
26,26,-1.0342614751357573,-0.1004631216942038,0.0,0.3975290356562645,0.5698465934333171
27,27,-0.2851009358485521,0.93560671796119,0.0,-5.0786675640580325,0.9183935294330869
28,28,0.6031143102513492,0.4477038376101282,0.0,-4.925239467803773,0.65237661327286
29,29,-1.4147596052987153,0.3402673392729645,0.0,-4.88737446277638,0.37836114164823054
30,30,-0.6065426922360395,0.3159143938885099,0.0,0.21543892555243005,5.0695764922301025
31,31,0.7436275283984715,0.2941767466503786,0.0,-5.019297440590773,0.8481980965297973
32,32,-0.6414098410875511,0.0498404766814765,0.0,0.6957629931564968,0.5567535656204894
33,33,0.0076713988923915,1.0661254508156202,0.0,-4.7384353354128255,0.1347902153465852
34,34,0.9277254557061329,0.3937894400954106,0.0,0.8897355121126462,0.5099714389275702
35,35,1.0023560589295462,0.8825072563258216,0.0,-4.803034123737279,0.7289835053147713
36,36,-0.1509494084773704,0.7088392372030474,0.0,-4.931525092265863,0.657738359822039
37,37,-0.850592356432994,0.5381244476173416,0.0,-5.101563206217357,0.9162637882080944
38,38,0.7562303525216891,0.3860358027365399,0.0,0.048220022412291175,0.886173431833922
39,39,-0.8685836306930996,0.4046646004926918,0.0,-5.146226526675485,0.43193906370685486
40,40,0.7331372290988518,0.5366795778906598,0.0,-4.987388056135985,0.5894649355371159
41,41,1.0471596049210563,0.5295825664596084,0.0,-4.984643556223103,0.8781305526429618
42,42,0.7394090773800971,1.0793697204092505,0.0,0.10469785173503843,4.965391051994284
43,43,0.724516618503049,0.4565875135927667,0.0,-4.8326582748965965,0.6254194225001122
44,44,-0.2575226848490553,0.8191024184808563,0.0,-4.83509559350653,0.9577434313224712
45,45,-1.0073072709988806,0.9092067956606356,0.0,-5.05161787791279,0.17160569614515775
46,46,0.9470266533111232,0.134976769579643,0.0,0.782484203097782,0.4858483174315562
47,47,-0.806217065004521,0.2868177578067438,0.0,0.769118708447808,0.9497595769522809
48,48,0.84188594026227,0.7590464400660519,0.0,-5.026775143127574,0.9749350455024528
49,49,0.92108442696571,-0.0257669751760606,0.0,-5.0806453831253355,0.6968683936652342
50,50,-0.7175009710963549,-0.152324854936329,0.0,-5.036200027365002,0.11563417481474891
51,51,-0.8925944630997648,0.3983045420301982,0.0,0.9025475569494593,0.5596375453690514
52,52,0.8937405751826485,0.6554427828849638,0.0,-4.990353405831188,0.0442491639098056
53,53,0.8588800687123517,0.3644459296599267,0.0,0.0503990589532648,0.47570753158236034
54,54,-0.1229754462555327,0.6109442892327208,0.0,-5.04757842932133,0.06627265542474214
55,55,0.1757322989363323,0.9255589476365192,0.0,-4.939585081895142,0.12082970981142849
56,56,0.214099049913585,0.8515998945225649,0.0,-4.892904202321044,0.22297036548387084
57,57,0.7591420840131142,-0.0629750704443951,0.0,-4.918557414657342,0.13498198760105595
58,58,0.6938946125700334,0.898674321445948,0.0,-4.9532771294352615,0.9351183519661498
59,59,-1.022694714319687,0.5529389828792701,0.0,-5.162758119633101,0.5650273503197042
60,60,-0.7911356357058988,0.3070633948272733,0.0,-4.885872993642662,0.6153718225878901
61,61,0.3038621531020528,1.1622542263382614,0.0,0.6557377354460268,0.7958831388671656
62,62,-0.9152607213682576,0.345823660008164,0.0,-4.88298132239676,0.1764131196970169
63,63,-0.568760021722815,0.2623337026491111,0.0,-4.94099065493459,0.257814478381552
64,64,-0.6470070448131465,0.5465010707450135,0.0,-4.7891463856276255,0.6068781552992905
65,65,-0.309240966348059,0.7269464193848365,0.0,0.832762798205515,0.6270033012727149
66,66,0.5217583347609372,0.8458477192315321,0.0,0.5767351814852545,0.31984228955058336
67,67,-0.9918792119778213,0.4960890407518111,0.0,-4.963977742394531,0.01041761478833636
68,68,0.4101185852033597,0.8551713758875683,0.0,-4.968988380299481,0.042662842445442384
69,69,0.1281610190464724,0.797654162025733,0.0,-5.221193724305622,0.5534176342082047
70,70,0.6418683233345797,0.4037304444728845,0.0,0.9252428033034574,5.069828253247116
71,71,-0.723524502341713,0.3548391575103561,0.0,0.6547365326192124,0.8851670162427968
72,72,-0.691129850570432,0.1990038030826468,0.0,0.028679120202452335,0.719334955100506
73,73,0.4952862351751931,1.0059515955043872,0.0,0.9995762607293279,0.28826555230329076
74,74,0.9258591993559092,-0.1891231591112583,0.0,0.5954279188880285,0.9763008772899164
75,75,-0.6559166625308892,0.6303887252121216,0.0,-4.942111675033596,0.7485814877033742
76,76,0.8249094736130836,0.6982835246892972,0.0,-5.040792335336727,0.5502067215143652
77,77,-0.2517725958808662,0.8569002569424915,0.0,-5.00213096606144,0.21766373521547822
78,78,0.4739354856015861,1.0938610373448985,0.0,0.9680244182053019,0.697844786906722
79,79,0.31321133297241,0.5295139252598983,0.0,-4.9976930186695245,0.6322144787837367
80,80,-0.725012274161475,0.2377611494172533,0.0,0.12014396440842712,0.3177201964953297
81,81,0.9557636729757552,0.7459458414009743,0.0,-5.164298936505645,0.4240627344513599
82,82,-0.5526691253539836,0.9754100953553028,0.0,0.7589370258957816,0.005281198230755346
83,83,-0.9716890515215793,0.7196657341183544,0.0,0.1886746692735095,0.8269123803323277
84,84,0.0044056724428515,1.2056955174309874,0.0,-4.879870486157761,0.7788451935664917
85,85,-1.021508664760189,0.6099958033581484,0.0,-4.905720315308545,0.5008488950174371
86,86,-0.6019350945554507,0.8044887416777943,0.0,-4.998900182621891,0.772543394687653
87,87,-1.0247957193092203,0.2179295873392723,0.0,-5.069631615418976,0.7469241729992976
88,88,0.1364359196192185,0.9179245169795328,0.0,0.21963604724538088,0.2631296610917059
89,89,-0.4105418576730923,1.2232566870569015,0.0,0.24191537651566264,0.2187277571726831
90,90,-0.8374099935736753,0.1279586813989015,0.0,0.4677105469845235,0.6229456990551441
91,91,0.2731019149256201,0.7642003780022265,0.0,-4.833376731273084,0.7276549738567626
92,92,0.8806654062948711,-0.0223754897407165,0.0,0.7317846525947951,0.5480289369087242
93,93,1.1971991783916869,0.2672681617453978,0.0,0.14150486713591315,0.4019569724110723
94,94,-0.5998552391392822,0.4446022467000988,0.0,0.844737615375921,0.9535193061196654
95,95,-0.5467174840912901,1.0304490274434994,0.0,-4.886160684796998,0.06511539929919419
96,96,-0.0100117638664939,1.3342587836202866,0.0,0.5871979846062985,0.09832441420902438
97,97,-0.1207376398998663,0.7437401275480827,0.0,-5.106045724255097,0.2856516720861084
98,98,0.3635570471969703,0.9272320059363288,0.0,0.6410919336935519,0.33691715763328633
99,99,-0.5514283467055096,0.3459088068963797,0.0,0.27423262262977477,4.882387208529383
100,100,0.6556334050779425,0.6594918431021534,0.0,0.39622737169646793,0.7476731326593091
101,101,-0.9048453122919452,0.1967585880181885,0.0,-5.067231913512448,0.7460292432792591
102,102,0.7639939804776477,0.567579325540013,0.0,0.2063587763066207,0.2825234871072131
103,103,0.5422843730550777,1.0739319295554994,0.0,-5.162449441601302,0.9013553242331739
104,104,0.4131946387260946,1.148548388458032,0.0,0.9109116569625363,0.7703103461249461
105,105,1.1854800148492888,0.1545235159034247,0.0,0.9646215231624204,4.948691227912112
106,106,-0.642663182649904,0.9298536529482118,0.0,0.2621978656953605,4.974787787625181
107,107,-0.0599854571577965,1.0006304896046896,0.0,0.11814930876163665,0.1944671706394634
108,108,-0.4979534046512011,0.9966313861512996,0.0,0.5600743207645567,0.4761130875420877
109,109,0.5538259179921895,1.3181337246251077,0.0,-5.161450342819408,0.3246578154023939
110,110,0.7982632524443192,0.7497093440513366,0.0,-4.732512012002108,0.8562205879037202
111,111,1.0429756487462485,0.4080203956276349,0.0,0.13931587652397037,4.887048296727684
112,112,-0.0306458428897862,0.9853955787348048,0.0,0.7257603192324589,0.853668278529121
113,113,0.8536280169651267,0.7108780049556481,0.0,-5.032300899648977,0.6340853871911718
114,114,0.781067202704659,0.2448822048257684,0.0,0.7480991051936972,0.8787963592817222
115,115,0.918286619467633,0.4184379243377328,0.0,0.6861112806016161,0.8267957821959218
116,116,-0.5942935713294281,1.0414226628460457,0.0,-4.906880781883165,0.8461831344730149
117,117,0.5782469290504708,0.8291359148940839,0.0,-4.896560393027677,0.13950976314191388
118,118,-0.8329419400968395,0.0698441682660686,0.0,0.6970150199939671,0.35250242386654107
119,119,0.5032412102765718,0.4738097383744588,0.0,-4.836292010246653,0.32121359104357516
120,120,0.7007260043237459,0.5945650630483981,0.0,0.7046954889057765,0.7324745420323749
121,121,-0.9737893213185984,0.2284876908754256,0.0,-4.95640190663635,0.09616974080179908
122,122,-0.952534956569988,-0.140347486266975,0.0,-5.038976936185797,0.8929547458067282
123,123,-0.5996353870690267,0.8787201413777648,0.0,0.8592332877631603,0.32011360281936285
124,124,-0.7729253787571498,0.0202928798444041,0.0,-4.973791826185572,0.7143646692576927
125,125,-0.2311056945762402,0.8075049606659819,0.0,0.6940490381124355,0.37956925705833733
126,126,1.0612226927590005,0.1764976806472148,0.0,-5.080008138647757,0.6489871345466314
127,127,-0.1293903775314795,0.9474523178944854,0.0,-4.992518780949439,0.65497064661908
128,128,0.1123114835439997,0.7867653428119695,0.0,0.32047110821438074,0.693427222722629
129,129,0.140015828565163,0.8937543197243895,0.0,-4.993120975399225,0.9721666881631326
130,130,0.8681630802807035,0.4206649181975881,0.0,-4.863516063980812,0.9247463546699222
131,131,-1.2601400301675367,0.6184521752201313,0.0,-4.7652061346316685,0.4002566930764687
132,132,-0.2605006743022156,0.6876970776589911,0.0,0.8648926858629958,0.9918949201934106
133,133,1.378716327367751,0.4297715927528502,0.0,0.3631122116139174,0.4432015599061413
134,134,-0.8373916295603505,1.109561440574209,0.0,-4.916701657525643,0.16699655747948094
135,135,0.6083410105553695,0.4645753882162938,0.0,0.7344920803887468,0.6855982696788808
136,136,1.1912556334872788,0.3078281930579936,0.0,-5.062367038548012,0.008263371124921814
137,137,1.0691836758443962,0.0219559473865834,0.0,-4.921244646313561,0.7535706493502011
138,138,-0.1705465317772442,1.2512296267945862,0.0,0.21328444320267703,0.20839691028470464
139,139,0.1607895988396172,1.4563419045154706,0.0,-5.026066749123388,0.6349120225161327
140,140,1.29195681740103,0.1773864313591873,0.0,-4.882679987402282,0.1822434828530436
141,141,-0.909275568234183,-0.0363010291252577,0.0,0.8739510084595952,0.4158148970614285
142,142,-1.0500012430476993,-0.0111047536543554,0.0,-4.86848050154298,0.9002573422603165
143,143,-0.9089991690429708,0.4475655841643355,0.0,-5.013477651692751,0.8443779850746014
144,144,-0.5786136910264904,1.2898380995277208,0.0,-4.926856452854398,0.004169640446074818
145,145,0.3601373118924288,1.239356726817953,0.0,-5.243274294563531,0.011975857016742864
146,146,0.7606290149438609,0.7287381774237884,0.0,-4.997947729521045,0.2794184042549954
147,147,0.3592295783112808,0.7380883126008274,0.0,-5.113197000264285,0.8330640536974773
148,148,-0.7421952209162792,0.7639359025991997,0.0,-4.9138020751338045,0.5517594716220506
149,149,-0.5916502562385111,1.0816617461149851,0.0,0.14574049283487,0.7868477632396682
150,150,-0.3772373950622056,1.1842601573913734,0.0,-4.962473970522603,0.055711944776020594
151,151,0.7475733107251306,0.8773372410334477,0.0,0.08313298790854406,4.994226976975138
152,152,-0.079861915839013,0.9595035799247118,0.0,-5.160448209022772,0.15261540940291474
153,153,0.3689869609308012,1.110273307190463,0.0,-4.943415051033622,0.4072804889431195
154,154,0.7076123837202388,0.7595227143791307,0.0,-5.049736298175846,0.8379867953237646
155,155,0.7277631150906758,0.8320503721027687,0.0,0.9537469637057955,0.41093485129849094
156,156,0.3298642702979063,0.7572841695466066,0.0,-4.99170823748345,0.3367219195333798
157,157,-0.4976837091196417,0.9207515785268088,0.0,-5.050351556271924,0.5217592645523316
158,158,-0.1528021896454123,1.3336795797469194,0.0,0.2724651581227102,0.9483240926248531
159,159,0.0270583781923276,1.3126671494094424,0.0,0.21882341963296625,0.8372637380888122
160,160,0.7591066971388376,0.216941065541176,0.0,-5.030193250528141,0.08874864577120467
161,161,-0.9689514956302164,0.2452238410897197,0.0,0.15320465913163162,0.16954452409306264
162,162,0.5394058367572079,0.4461514463485061,0.0,-4.912682680737496,0.2190314074309958
163,163,1.2232402771829074,-0.082767589756495,0.0,-5.073146333816451,0.8145230279874494
164,164,-0.7239420853301121,0.5952168721208748,0.0,0.07572858239797264,0.08741445377506363
165,165,0.233829709545463,1.1527078283564316,0.0,-4.99876343723658,0.3258798640013407
166,166,-0.9139601187992348,-0.2503008284626589,0.0,0.5631025654608405,0.1865075039346088
167,167,-0.4861380336827522,0.632778275113453,0.0,-5.065632429268462,0.4412092448937497
168,168,0.451518579238452,0.8113940115784641,0.0,-5.036096856820313,0.7283580870152004
169,169,0.3593432444455604,0.9993865563262696,0.0,0.34920147100885135,0.4615739828356755
170,170,-0.2533145118859486,0.8490459981598331,0.0,-5.022377977628627,0.6278995861773983
171,171,-0.0649271779083166,0.7039586751114575,0.0,0.30403503007865007,0.7125852987766481
172,172,-0.8727836120519797,0.6431435811313729,0.0,-5.099969094745121,0.9572699455700969
173,173,-0.975272444349124,0.2859984710262545,0.0,0.4380386511502372,0.1865808712792142
174,174,-0.9709052195891644,0.4758325668423711,0.0,0.340955978623534,0.6678327577375229
175,175,0.3079907852492329,0.9953738843305112,0.0,-4.978667735627767,0.8285123738682733
176,176,0.7646565117753833,0.2936048138873082,0.0,-5.00493264105016,0.32137365115172956
177,177,0.2743798383497637,0.6517269769331627,0.0,-4.948903458242816,0.41271838436963804
178,178,-0.5656173442937587,0.0763733497572525,0.0,0.5033272770406809,0.13754488247206087
179,179,1.0413572877729662,0.4329172912142782,0.0,0.675045277099714,0.14766173029898344
180,180,1.1173148942983997,0.4388385607723208,0.0,-4.835453686637487,0.6586712645097084
181,181,-0.6102518010616734,0.8062329997306515,0.0,-5.15481352560714,0.9521643319235261
182,182,-0.6928240692753528,0.8275661378489132,0.0,-5.002390937407894,0.9185476134841857
183,183,-1.2027443956224626,-0.0994539195880968,0.0,0.9187747808570241,0.3453874995948235
184,184,0.9042699460489702,0.7861491316918804,0.0,0.9685420447219131,0.5443813022829243
185,185,-0.8143576417323575,0.0155020208193137,0.0,0.7209184260069207,0.40933715949130534
186,186,0.875339389648356,-0.0402158167841845,0.0,-4.869563302324414,0.6459195387715364
187,187,1.118847551563183,0.4062455106807275,0.0,-5.061786422888713,0.28619805311997204
188,188,-0.4983443977510978,0.7051939513665156,0.0,0.010890362720853752,0.16374264754056977
189,189,0.9260777752503426,0.2530725070289323,0.0,-4.988847547960069,0.9570722499884864
190,190,-0.0269043110230702,1.103877270586151,0.0,0.5187907664885799,0.7302464419536734
191,191,0.4502374823089588,0.6827060362264243,0.0,-4.927641518128062,0.5289125690092761
192,192,-0.7016616559447351,1.077250637812753,0.0,0.210619756093403,0.6538025104379558
193,193,0.6472908673933687,1.0235612381704693,0.0,-4.8876425270330195,0.3693093713897131
194,194,-0.596581624528064,0.5409817251391165,0.0,0.3383328097153232,0.9483266683585878
195,195,-0.0388311193762834,0.8999755599748518,0.0,0.5216506175449775,0.8282614362035097
196,196,-0.5428203986610555,0.8283364283534347,0.0,-4.911549444663897,0.16970026228545387
197,197,-0.1608328589931552,0.837522610353011,0.0,0.8593242989416623,0.4189604351608197
198,198,-0.8358070478215042,0.5600821981149782,0.0,-5.025159831169493,0.2837063338679715
199,199,-1.2914471291658118,0.3724534309251704,0.0,-5.0529123686688155,0.2958350909801134
200,200,0.812478943183758,0.8581997896126607,0.0,0.8536876587047173,0.7307127131172384
201,201,1.16038332846291,0.166204134898999,0.0,-5.110963435697099,0.7198659581903124
202,202,-0.6779274366820655,0.6636631953108374,0.0,-4.985938932111959,0.02924267597743979
203,203,-1.100135163923227,0.8342732125346232,0.0,0.5001580341804197,0.4452787814674132
204,204,0.0344578842722336,0.5843459696054767,0.0,0.3103292855495974,0.128095331329803
205,205,0.1657754065722798,0.6764113580350728,0.0,0.5345387006319543,0.6972969531178271
206,206,0.0016940050543734,0.8094156831268529,0.0,0.586185887357124,0.9909798851814418
207,207,-0.684777227548915,0.4532167090543527,0.0,0.3566243059454387,0.9502830914715392
208,208,-0.460745442617791,0.9039229570165166,0.0,0.3230930800899874,0.49082396981347587
209,209,0.951264924907126,0.5841182995011951,0.0,-4.956817015370493,0.49091127018833214
210,210,-1.0565149109423284,0.2768550889315234,0.0,-4.9419729886820685,0.6484412031410254
211,211,0.4358393552505256,0.6378851432625514,0.0,0.10435888566572982,4.941428521691804
212,212,1.0567924946833138,0.1071117576552927,0.0,-5.1454873434591635,0.41044999370660606
213,213,-1.1433606444253763,0.186052999882941,0.0,0.7311808020996595,0.10865404045459859
214,214,0.1393575133310252,1.3028540293694455,0.0,-4.776489119943054,0.9308292911522666
215,215,-1.1648111344923868,0.1666890408135214,0.0,-5.087840915454049,0.24990125696894505
216,216,-0.5423002101937086,0.7238723913273098,0.0,-4.89128119380517,0.4767673971163606
217,217,-0.0136964460861688,1.0562858935456902,0.0,-4.903404989214454,0.01629738128798186
218,218,0.7301962488137211,0.873687995366922,0.0,0.19978805459900273,0.8180220190148693
219,219,0.2765512149006173,0.5940563604470401,0.0,0.5400188436727898,0.005407283344066149
220,220,0.4102270093537207,0.4900114892008064,0.0,0.5267577736354394,0.6356663609161217
221,221,0.2853683416463348,0.8254126528517245,0.0,-4.917438079396905,0.7802795799614515
222,222,0.0315682688369198,0.7188741909252785,0.0,0.3063285108495446,0.0768348536243113
223,223,0.0748129111884215,1.0715048604366222,0.0,0.7659349067012824,0.3318003500104675
224,224,0.6694035339205077,0.6160416252445247,0.0,-4.876753793994065,0.9644432443779086
225,225,0.7364175732693763,0.7459368252805262,0.0,-4.894154798205787,0.5222029952601585
226,226,0.0930767072901503,0.881060327346047,0.0,0.6589831918639419,0.9575616916283199
227,227,-0.6018615843446867,0.7079408920299581,0.0,-5.029941444923565,0.7516502825633
228,228,-0.8125589537678377,0.290884416134629,0.0,-4.901708723491169,0.40735343663305534
229,229,-0.8534704596353798,0.1275564374229411,0.0,0.2005624410730633,0.24950015566793482
230,230,-0.8279813161393802,0.1188682604957298,0.0,0.6521076856962358,0.34289202939106067
231,231,1.082706719365793,0.1330459189826134,0.0,-5.01755115355489,0.16227118817453534
232,232,-1.0506947883633713,-0.0380934988812536,0.0,-5.018083089378973,0.23785827477852395
233,233,-1.113450506684607,0.2056877965956795,0.0,0.6240316727177152,0.783150927976559
234,234,-0.7849752581509536,0.5517249643135566,0.0,-5.0025223970348005,0.37993066606389714
235,235,0.4730155792728511,0.8227529948343179,0.0,-5.055565245320601,0.06862277104671632
236,236,0.8395205298923847,-0.012499378916801,0.0,-5.090688837174611,0.791765543039021
237,237,0.4836402706287082,1.0363485426322905,0.0,-5.214892077675915,0.6521056486638985
238,238,-0.8253073058834784,0.0434178176601121,0.0,0.31077218384246175,0.6630062670824891
239,239,-0.9697045130192282,0.1629492336193418,0.0,-4.8776734223632525,0.5200254485697132
240,240,0.5676690712150995,0.5590585056002739,0.0,-4.989167716276304,0.9683246169585488
241,241,-0.4481035217741064,0.762517582740468,0.0,-4.962926858297359,0.5096958641228858
242,242,-0.8021035686359708,0.3470984879189385,0.0,-5.062403792551678,0.8418297604355458
243,243,-1.1825504925580528,0.5810979762986138,0.0,-4.851074757020916,0.9516652993037938
244,244,-0.0148260484212343,0.9044939660752638,0.0,-4.939697534140311,0.2365005338595626
245,245,0.8615528501335832,0.2492330098449612,0.0,-5.186838701522565,0.9942234298409575
246,246,0.3010400800240707,0.6058496966787073,0.0,0.4301006166268818,0.17183123374560805
247,247,-1.0631917873260717,0.5939973060132985,0.0,-5.060140926955856,0.3570125907449766
248,248,0.7428097432827191,-0.0019441596502323,0.0,-5.064695936852795,0.1992361304390542
249,249,0.99112422059818,0.6290548371820658,0.0,-4.9545680043325095,0.9999497229107698
250,250,0.7729518686898458,0.8341944437241539,0.0,-4.986928029715083,0.12560029882481283
251,251,1.007384589562408,0.6870026972418638,0.0,-4.887703176421218,0.05685986143776167
252,252,0.7178029587116934,0.7273260968553749,0.0,-4.91301970648546,0.9167406862321811
253,253,0.5470086254307809,0.4998528347202179,0.0,-4.917442046261205,0.92587414910811
254,254,-0.3772149852817887,0.8437944918168192,0.0,-4.879787474349342,0.7224181169685788
255,255,0.1927973540450019,1.2946287689457254,0.0,-4.929004237072624,0.6415424745164118
256,256,0.3526705039856196,1.1956948417407849,0.0,0.9002685939894479,0.030490082695987186
257,257,0.4497759132513766,0.8554952588742403,0.0,-5.027374045737705,0.3116058308645995
258,258,0.2862742838113528,0.8776371953033384,0.0,-5.016308404460504,0.001550116508649002
259,259,1.0018755841553184,0.4476293420512741,0.0,-5.028976325629559,0.7659613226988757
260,260,-0.7881206842322521,1.2465569638922345,0.0,-5.047008411313735,0.6267628054883435
261,261,-0.5070505481192509,0.031241503112543,0.0,-4.9798252019462605,0.7229060034199254
262,262,-0.9237436189868996,0.140723292226546,0.0,0.2847046267926412,4.951383559383723
263,263,-0.5450405620756414,0.7337358326080494,0.0,-4.840031399518713,0.9516419481480007
264,264,0.4520921844840591,0.4916405029741888,0.0,-5.0271410831997185,0.7456215272969825
265,265,-0.7638965727309764,0.7413992033657191,0.0,0.9818985130481176,0.32561461068141107
266,266,-0.7221629821072014,0.8084615057759001,0.0,-5.204113800421201,0.681166755299354
267,267,0.1254449187602946,1.1933822286797475,0.0,-5.18001103813536,0.2951406707940498
268,268,-0.5369019746171768,0.8395859055188598,0.0,0.5675286915869696,0.01513505312565988
269,269,0.3263511658046507,0.4742568245383853,0.0,0.6838590498977782,0.29517701567888266
270,270,0.6054874983952518,0.5741992809451171,0.0,-5.217576832541387,0.5921715027594331
271,271,-0.3711488794800562,0.6065061517403436,0.0,-4.991472699394767,0.8728800837072611
272,272,0.7164858331315173,1.0127247524357914,0.0,-4.83371357939037,0.6854734087118023
273,273,0.7525583104975411,0.9440547983212412,0.0,-5.118684599548965,0.40484126391235575
274,274,0.7597660450575637,0.9020562770957904,0.0,-4.909078461853738,0.9453151497829412
275,275,0.676632826005743,1.0364172205806048,0.0,0.9144901019413842,0.8631016055557017
276,276,-0.957923575421842,0.223244778704208,0.0,-5.08060132725542,0.9499353655438102
277,277,0.8936019178758967,0.6940896346320888,0.0,-4.870823162935578,0.7485713866819642
278,278,-1.1050643034576393,0.2274714671429489,0.0,-5.068451523540492,0.8959613838505548
279,279,0.7791942828777823,0.3490312739922201,0.0,-5.0440191902726665,0.26957695041477947
280,280,-0.970065834057434,0.3369999196894227,0.0,-5.167942806791867,0.4860321777943557
281,281,0.8432073008196713,0.4635864355367962,0.0,0.13922670505790224,0.5428738612402247
282,282,0.3372931125354473,1.0038536993660796,0.0,0.8979942183922086,0.83688549394974
283,283,1.0567809889581958,0.1423841002204111,0.0,-5.007360156598811,0.5065397281515078
284,284,-0.585508318181393,1.022099096832369,0.0,-4.788180447308559,0.7739083839318357
285,285,0.5203543223505838,0.9597141031189114,0.0,-4.844985338550672,0.24870616789974553
286,286,-1.0373896428621152,0.3982261823676876,0.0,0.3452724282166135,5.047735313903903
287,287,-0.9847255660666484,0.3003291973862258,0.0,-5.11374012224023,0.9293468485904948
288,288,-1.209197044788382,0.092474735101958,0.0,0.026027561071574,0.7406130105746558
289,289,0.0940763277155332,0.8817286207437249,0.0,0.8479325938333017,5.157333418503761
290,290,-0.4641018440467338,1.0682113693072537,0.0,-5.037059684474784,0.35224760593054005
291,291,0.5257873934799906,0.9019380646867938,0.0,-5.212528138067778,0.15169003417762084
292,292,0.058028215527727,0.673133813419212,0.0,-4.899312544870648,0.13191275256163615
293,293,0.8908124692254924,0.7340231913192252,0.0,-4.847857537329516,0.28072725388881226
294,294,-0.2483343266193493,0.9486272312925472,0.0,0.13494421020863778,0.8940147926428108
295,295,0.8815851269037449,0.7123892616588847,0.0,-4.849002804327375,0.7291218033888452
296,296,0.4989285678243021,0.727704422929847,0.0,-4.822032134634249,0.561990676180019
297,297,-1.02984184185562,-0.0025396793422642,0.0,0.28131923519979674,0.21825292356356762
298,298,0.6716602546877075,-0.0077859730256192,0.0,0.6890663173605434,0.2559104945477424
299,299,-0.248409801493484,0.890534899057776,0.0,0.24732310447418426,0.9216897459586324
300,300,1.1998703800787027,-0.5171355766101884,1.0,0.22874751346912592,5.055966144599611
301,301,1.3608753569257317,-0.5959620576881752,1.0,0.5750922711982537,0.6396723646148107
302,302,1.6281090349114806,-0.2657015844200102,1.0,0.3293584070958283,5.0926668173599206
303,303,1.0794191814732204,-0.5314951320144375,1.0,0.015711594344667734,0.9505537318894917
304,304,1.5496228414741058,-0.3279658306373647,1.0,0.6668736285282844,5.05949779216661
305,305,1.3118366408109745,-0.4972665424756901,1.0,0.44796946164924123,5.105192117221948
306,306,0.9037030224860128,-0.1499070767127444,1.0,-5.204490047423818,0.47821032030295385
307,307,1.0859621883873962,-0.4786964632042967,1.0,0.6587568986672963,5.0835651449934725
308,308,1.3354479818319396,-0.459251733937502,1.0,0.9236004012269302,4.870416484318092
309,309,1.4854170020734283,-0.6025542415382044,1.0,0.5666492903026478,4.925774017981794
310,310,0.8092703453660568,-0.4342357252212694,1.0,0.916690447405012,0.44259312063476
311,311,1.585189224682643,-0.5161219010385697,1.0,0.7878981755034133,0.8904601632591742
312,312,1.347161726541247,-0.5973826108589855,1.0,0.29783861411822565,4.991490514817472
313,313,1.0776683843153207,-0.2727510483785207,1.0,0.47484112710494797,0.9694857117578441
314,314,1.3857009368852513,-0.6127362323751457,1.0,0.34726814456055577,5.044761114759669
315,315,1.601352312338395,-0.3869499322040515,1.0,0.6318058847327223,0.10122116386162827
316,316,1.237401201943165,-0.5890013166465082,1.0,0.13593906083114282,0.41793858117179705
317,317,1.760781196349815,-0.092500907440483,1.0,0.4256086282475968,4.973059723781687
318,318,0.8083187013517542,-0.26485192425013,1.0,0.8502643829217623,4.950186705501545
319,319,1.563947117925121,-0.4423944549470903,1.0,0.6225147569488966,5.094808600759008
320,320,0.9775806044421672,-0.4202932218897589,1.0,0.462564727109139,0.019719361926606727
321,321,1.8306734660924275,-0.1245637560169756,1.0,0.8069877288478862,0.945541359628282
322,322,1.0454041338443023,-0.0983629095690674,1.0,0.43778017562220295,4.90437020492998
323,323,0.9297265271628964,-0.2671183369368332,1.0,0.4889571238200483,5.042408006563498
324,324,0.9786189115261106,-0.3694742487365996,1.0,0.053055930310827226,4.81995578877285
325,325,0.8632543454875806,-0.1618463713924522,1.0,0.2558941671002314,4.881708544538448
326,326,1.028401645599524,-0.3145456599736361,1.0,0.3083935442486925,4.970331538777953
327,327,1.1746970641813306,-0.5816279044085692,1.0,0.06720667239629552,0.9468535554460837
328,328,0.9580775851850544,-0.3029579811625744,1.0,0.6335929144635651,0.7158727824052783
329,329,1.0730505637620191,-0.2472705876021322,1.0,0.6428477124485011,5.156956632454585
330,330,1.543661255060785,-0.4589114712681433,1.0,0.09515303673084108,4.820619442681921
331,331,1.4067067930728423,-0.4594994227367402,1.0,0.8051715032046405,0.027078203628518538
332,332,1.3897590540397349,-0.2852946760979093,1.0,0.7263878384117126,5.050732223439022
333,333,0.7770075653701325,-0.3140002957856888,1.0,0.776902943625526,0.1112279665758259
334,334,1.6448308778373366,-0.3161386732062476,1.0,0.08153629658801254,5.083001693919261
335,335,1.4118128488504924,-0.4195159563709757,1.0,0.3327415772591753,4.88974255861893
336,336,1.7718619682212997,-0.1803238592419184,1.0,0.76669645362404,4.979653000120487
337,337,1.1776864608016866,-0.3727989810583287,1.0,0.7238970620349678,5.0663958642259574
338,338,1.327545861420272,-0.512590120693803,1.0,0.7944546672007482,4.9695777713782725
339,339,0.9012563654053324,-0.3417450321677808,1.0,0.9157576354661706,4.933502166463109
340,340,1.6088590723127902,-0.1937727641833201,1.0,0.41961926216568257,0.901212449177688
341,341,1.6097222344306954,-0.3892723790104276,1.0,0.39595601797054125,5.196151566498002
342,342,1.7820687194600076,-0.1856657626387616,1.0,0.3787251010548215,5.057930660501455
343,343,1.174438675544042,-0.5343699501089687,1.0,0.9270426231066095,4.9958492524242955
344,344,1.69473283672332,-0.2257964832371188,1.0,0.9446986724909404,0.7995753138947528
345,345,1.21347568250741,-0.5568261686439531,1.0,0.22186246617561245,4.848183676515313
346,346,1.7601063120219402,-0.0949324919798142,1.0,0.8655563785663117,4.853549582063181
347,347,1.483689220317553,-0.1746806472931842,1.0,0.06347303965591022,5.00329274196202
348,348,1.2719870595795135,-0.4744473217544123,1.0,0.6750487216831128,5.045827283199099
349,349,0.7984194615059753,-0.1720345937242133,1.0,0.5983326462008769,5.040406721337655
350,350,1.222520638681234,-0.5105623534426142,1.0,0.3465067211794062,0.638343876244798
351,351,1.2645258980119247,-0.5288432711018227,1.0,0.41825129102002434,0.6494228640888433
352,352,1.0626514225265762,-0.4954568151028021,1.0,0.6129491043942114,5.096264459141044
353,353,1.090330831779725,-0.5477457327529001,1.0,0.7391572916758686,5.013566439444924
354,354,1.8482500466102207,-0.2033692146710035,1.0,-5.062356983550205,0.7226638929727041
355,355,1.6754704922737176,-0.417159623744126,1.0,0.040632823551379316,4.957264452986676
356,356,0.9136811493131658,-0.3132275811584741,1.0,0.13769208797369636,5.053283994196661
357,357,1.0775789932505826,-0.3622554720890048,1.0,0.595596482560642,0.82631329600729
358,358,0.925943732778134,-0.1977148269012175,1.0,0.6508493491072898,0.40137508154581547
359,359,1.7026072392708709,-0.0553740568814066,1.0,0.27460707102595683,4.9021827730312175
360,360,0.9880360887533072,-0.5036892742031928,1.0,0.7825848913482056,0.2942337924508128
361,361,1.237131588697418,-0.4059086588719412,1.0,0.9366462451451589,5.017123340108329
362,362,0.7475812934669395,-0.2072579980168584,1.0,0.38956799965512146,5.191195018614368
363,363,1.2984094233145798,-0.4270405223671082,1.0,-5.135840225057434,0.012680201164797178
364,364,0.9645579597738764,-0.3068994639890812,1.0,0.0558528135626174,0.5612746164058912
365,365,1.048343824016491,-0.5110692216183705,1.0,0.8724938724033059,4.980753372067591
366,366,1.1009165101620462,-0.3988547036746156,1.0,0.4156435605770342,4.969631492958332
367,367,1.5354186266713916,-0.4096729033572928,1.0,0.801510658810043,5.118895581321796
368,368,1.5535827577813126,-0.3432393005837633,1.0,0.9987673886786907,0.6426021443833739
369,369,1.5745534022820364,-0.1001973119278212,1.0,0.4063238188204923,5.00507833810815
370,370,1.3099432522471242,-0.4717086967468659,1.0,0.8373939077446647,0.939624374698699
371,371,1.6531443937768555,-0.3345630256396088,1.0,0.1025517545807978,0.49283715580578236
372,372,0.7628174141651648,-0.246210128940868,1.0,0.05583048654539102,0.851919561502313
373,373,1.645563271312128,-0.2497767374347246,1.0,0.4765215979989911,0.3341545025093665
374,374,1.5425568406029906,-0.4277273777997623,1.0,-4.986056171564807,0.08025592286697225
375,375,1.5278611114808835,-0.3047744484883119,1.0,0.5599621125466185,4.937591613384433
376,376,1.6072280006044255,-0.4248062259457091,1.0,0.6069823563016137,4.857681125319947
377,377,1.6636735975140335,-0.0719415589945147,1.0,0.7899973995383361,4.916483875283602
378,378,1.105128188437792,-0.294751516028998,1.0,0.7059475403795761,0.6617649264876312
379,379,1.1238279483074576,-0.353164658517778,1.0,0.24613775527745552,0.313233077634807
380,380,1.2876237204495262,-0.3742263686334546,1.0,0.060128973604765656,0.6077806923329926
381,381,1.051230376313835,-0.3620297202008873,1.0,0.31439493114221917,4.965508319372558
382,382,1.0037219100907642,-0.4800249307375057,1.0,0.3147422996000093,0.2060723412765295
383,383,0.9159081590534732,-0.4014126721889597,1.0,0.022205841391160996,0.09283243741608393
384,384,1.5406181317614154,-0.227489339169322,1.0,0.6404720342556581,5.064751800488993
385,385,1.659328526282039,-0.276388545295766,1.0,0.596910441824826,5.029898813656685
386,386,1.545498216351818,-0.2578137890001321,1.0,0.2498092689203889,4.892537766152259
387,387,1.057722717226763,-0.2504707556014395,1.0,0.5660486810580267,5.042345965733447
388,388,1.0724034642768592,-0.3671144743542038,1.0,0.9207364732774299,0.08609623165390601
389,389,1.0555199276602298,-0.2895066889222482,1.0,0.7171295602699971,5.169062743247724
390,390,1.53004840001998,-0.6242370496005784,1.0,0.7582361391227636,5.101353471258374
391,391,1.5171334858139225,-0.4571824280562815,1.0,0.20032970722226295,0.7933069161880777
392,392,0.9419173149326656,-0.3890642586025061,1.0,0.16150192017229426,4.917962973194965
393,393,1.3389399171113687,-0.4127774663740896,1.0,0.05925020093912281,4.7015082866083775
394,394,1.3609275109089802,-0.5557859515158252,1.0,0.7889896388592901,5.012764817638866
395,395,1.0457644647884368,-0.2217621128656141,1.0,0.23011739738650383,4.995328881712157
396,396,1.7677832287170263,-0.1780078264574209,1.0,0.08827594689726304,0.8027958013064574
397,397,1.3907004364362825,-0.4829422506350221,1.0,0.03181671987415524,5.002244087198624
398,398,1.6128325061076882,-0.278728623318868,1.0,0.6493767650993347,5.006343735711368
399,399,1.593970007825444,-0.4613034769104226,1.0,0.5540212362301931,5.010298004385598
400,400,1.061126504681053,-0.3833787221865299,1.0,0.23579764904437583,5.19451931717116
401,401,1.5335330204880837,-0.3418184004633319,1.0,0.9111788722174381,5.03678527549389
402,402,1.689865421187311,-0.2168090032756597,1.0,0.17885917786079875,0.40346063810986044
403,403,0.8356376119652766,-0.3428318124131805,1.0,0.7897424460271067,0.09885218813851926
404,404,1.2097267634534177,-0.4374270309889441,1.0,0.19097985479664303,4.930430410124438
405,405,1.7006292469735111,-0.0550036100715758,1.0,0.2431467064057703,0.9948444661386063
406,406,0.7764565871031768,-0.2076816262546884,1.0,0.9022665807373381,0.2140451077888943
407,407,1.003805386021435,-0.411333849786435,1.0,0.7537019396600915,0.9693413286810997
408,408,1.656821584678379,-0.212693511535285,1.0,0.13344690001328252,4.950481833854907
409,409,0.9733531131185904,-0.2806068952367674,1.0,0.7676835172561841,5.173042207389973
410,410,0.931456698422646,-0.3730782004778711,1.0,0.16603216829500167,5.0844309532198215
411,411,1.0987730692440654,-0.4430724218211384,1.0,0.21789509774092974,5.001214253944481
412,412,1.1851063955323615,-0.4588084190162524,1.0,0.7528546990880662,5.067060014984128
413,413,0.927066625141964,-0.3498287553711008,1.0,0.9875379609916224,0.4837340542211973
414,414,1.371827696921294,-0.4503714738280899,1.0,0.7594632458857831,4.908868794858031
415,415,1.514076863206225,-0.5716471978650807,1.0,0.7309625023511264,5.138774494643802
416,416,1.3486576601245963,-0.4879860451431661,1.0,-5.052561293234803,0.306372449278703
417,417,1.1255853842246908,-0.4023809319772859,1.0,0.9425584780998829,0.19261546373289795
418,418,0.9997694993173442,-0.4545209016135976,1.0,0.7115240413263819,4.9365545881612425
419,419,0.8465027605154496,-0.179206939850633,1.0,0.23383056416912051,4.9727380007663
420,420,0.8282300050496599,0.0007949071637052,1.0,0.6532110144620938,4.818783636954743
421,421,1.630487613562138,-0.1971154698992343,1.0,0.7644939740981922,5.068244334828252
422,422,1.5227051473655475,-0.5223591472663116,1.0,0.8511645235787233,0.14898336217193087
423,423,1.0895042089705207,-0.525339679788994,1.0,0.8011590928403147,0.2212294460157782
424,424,0.9268638001061936,-0.28679421942848,1.0,0.7538941632273544,5.165902870974853
425,425,1.412979446888876,-0.4953525906787386,1.0,0.2755704674859981,4.988447337367143
426,426,1.6096105641667544,-0.2379959119268609,1.0,0.25154036388418743,5.03828248227606
427,427,1.590573575113973,-0.4933072805725064,1.0,0.8206987378229804,4.846437517857696
428,428,1.7325132273279469,-0.0239110103617452,1.0,-4.869998442989974,0.6704355578731843
429,429,1.2444815922522328,-0.3654407409556116,1.0,0.6512043157885826,0.24743362159568638
430,430,1.1463004007132802,-0.4889201681248147,1.0,0.9573925167938144,5.019711239467932
431,431,0.8661012360451831,-0.3066550842396509,1.0,0.26362029965013223,0.3005962365675695
432,432,0.9379878700696596,-0.0918904837756904,1.0,0.4218174693316925,4.953693190337404
433,433,0.8456638006170244,-0.1643037987221016,1.0,0.788102278807259,0.8588796744298258
434,434,0.8909547082756717,-0.5373167705510888,1.0,0.5005754036681128,5.015127288223989
435,435,1.353545456747386,-0.5999047437247462,1.0,0.16638864862227842,4.868428941249235
436,436,0.8734559879229813,-0.3391710876058557,1.0,0.805459303775564,5.129773568570574
437,437,1.411240274497653,-0.4857526220184817,1.0,0.7323019599411282,4.984482872795858
438,438,0.790537899588348,-0.0433540769936397,1.0,0.31439182574279934,4.990030091635392
439,439,0.8959223038048834,-0.2725794703224723,1.0,0.5685865669740275,5.260610329505628
440,440,0.9120205710220064,-0.3228621862848885,1.0,0.1963725702584922,0.6814806897249597
441,441,1.660178697644512,-0.4861225864574171,1.0,0.5548988893168192,4.979887816216208
442,442,1.3500606198621243,-0.4490400896853474,1.0,0.17608207232969797,4.926883151274715
443,443,1.749179178824161,-0.2539004757637521,1.0,0.8534157933113328,0.4812337916304179
444,444,1.2396091106009812,-0.5506579520825134,1.0,0.616038302341471,0.3691419408904387
445,445,0.996669884088704,-0.3067847144430549,1.0,0.5362835684462022,4.98510700900318
446,446,1.311863646826999,-0.6045748702252374,1.0,0.25012036074797606,0.8766719949361992
447,447,1.313435720841268,-0.6577898116182477,1.0,0.8257026910010511,5.1341520957834454
448,448,0.8045389026149175,-0.0687322461527788,1.0,0.7559079188446431,4.91745070234757
449,449,1.4413355351099373,-0.4936105347155783,1.0,0.507190634331868,5.119270948214643
450,450,1.1360664377092422,-0.3787602255871249,1.0,0.8985819129438721,0.2209326396609338
451,451,0.8963109293385987,-0.2407700934961585,1.0,0.5976172730229028,0.9609805396513589
452,452,1.654730117280537,-0.2146799616191981,1.0,0.2761576583196492,4.8770996625669625
453,453,1.3172187320721538,-0.3533423346587565,1.0,0.625002192372503,5.071768476204172
454,454,1.6259781336625216,-0.2341688557187329,1.0,0.5969230116122388,4.864919925747669
455,455,1.63359179165453,-0.2907156802029755,1.0,0.6932818906985535,4.988511121736969
456,456,1.1885245873453,-0.4788503465604088,1.0,0.37774056233692166,5.057493614497281
457,457,1.0135198366146418,-0.1664133611029977,1.0,0.5234624592538041,4.865500031087663
458,458,1.7379957237328418,-0.1389354079189252,1.0,0.7488992531495638,4.858927997360264
459,459,1.7602822629053096,-0.2478190190387428,1.0,0.03899586995491522,0.12829027748988975
460,460,1.6680872774344702,-0.0710805348843459,1.0,0.8950817063141201,0.2406306660984775
461,461,1.2204514849809325,-0.5039933862362891,1.0,0.7018376587633918,4.777545768325913
462,462,1.4545371595342833,-0.343809682450613,1.0,0.5273150902753504,0.15055158547143999
463,463,1.145608141476206,-0.3769374283224392,1.0,0.2106402363815807,4.979066700204135
464,464,1.1535202727785676,-0.5525418965712526,1.0,0.5731310935966109,4.99161564960773
465,465,1.4497992946420402,-0.4966042975530452,1.0,0.40946415342439013,0.018604604376894374
466,466,1.293968922059864,-0.4593552863215032,1.0,0.5361299189806205,5.003319253279748
467,467,1.6508029242450264,-0.3315561761034007,1.0,0.5226608547738557,4.904304659334191
468,468,1.6150148280121883,-0.2087322533270441,1.0,0.5734301258388497,4.960646391613041
469,469,1.6197304928487477,-0.3353505391855772,1.0,0.9430132021582953,5.125870145191235
470,470,1.6830466850281027,-0.121857695910727,1.0,0.5459182175584167,5.0393729132818015
471,471,1.1069891987099163,-0.3504709092023551,1.0,0.9948326897742628,5.001490592980085
472,472,1.3842125011188782,-0.4738224928349785,1.0,0.3909681438538334,0.6749416515069041
473,473,1.1646856651667474,-0.4532320558771307,1.0,0.6811493326945318,0.029551611656379317
474,474,1.282556768522745,-0.6408129877552692,1.0,0.8032814971389648,4.870751740673894
475,475,1.6639995749275218,-0.4349013839188743,1.0,0.07972372429991814,5.129364083419656
476,476,1.129449855101282,-0.4454234194527972,1.0,0.8614331931215025,4.851193023910563
477,477,0.9918921559163548,-0.1355570757846088,1.0,0.2256528587702682,4.920300413446359
478,478,1.1578807776777496,-0.4499021982130833,1.0,0.4506056950549874,5.059359874772779
479,479,0.8745137425046144,-0.2521912377940414,1.0,0.3144594624427587,0.40879180098655943
480,480,1.730471388394391,-0.1663908689705439,1.0,0.559018302780682,0.8914918475696322
481,481,1.1283939471003308,-0.3446984523116222,1.0,0.03837834233288151,0.4773720510096877
482,482,1.5949525225290513,-0.4235961682102979,1.0,-4.874477145933419,0.760218563421473
483,483,1.7025588657213304,-0.1767378813165386,1.0,0.622640583741835,0.863723495701688
484,484,1.348298511800048,-0.557214500240798,1.0,0.253497452853793,5.106554179340465
485,485,1.3148150540660852,-0.4151400526426148,1.0,0.26350066134590255,0.276456284839264
486,486,1.4970386809723475,-0.2577006154421411,1.0,0.1611355391345496,5.099246502270594
487,487,0.9645782005303644,-0.3888503017681493,1.0,0.8617534017067437,0.4597498502897922
488,488,1.183845208252294,-0.4839744107034606,1.0,0.8700948529276473,4.973531312629494
489,489,1.571542722434013,-0.3702803466637536,1.0,0.739645437920437,5.138624338996553
490,490,1.2158057608305426,-0.4885300773373169,1.0,0.5025928803772789,4.948724736952053
491,491,1.1809032067028211,-0.4407744469804757,1.0,0.7553373601852131,0.7416916602529523
492,492,1.5222948545186852,-0.5438123855521912,1.0,-4.865165528521943,0.05535537728582762
493,493,1.202805194801555,-0.556349179374201,1.0,0.00857250043524338,4.919839448042259
494,494,0.9490802233079704,-0.3573205892527529,1.0,0.05808945173491886,4.92783117007591
495,495,1.5755112774664044,-0.3810137664846189,1.0,0.3809887935063946,0.2957205279983953
496,496,1.5985541406983108,-0.4905893319170793,1.0,0.2057498259714141,4.944841200103558
497,497,0.9882883089047227,-0.2583523482470213,1.0,0.5893395345650309,0.6716029241359325
498,498,0.8481757079057097,-0.2695092950381952,1.0,-5.008668041230137,0.6581687909274239
499,499,1.1263943678180488,-0.4071845142193117,1.0,0.49514024848507077,5.1155210427174715
500,500,1.7897696593559134,-0.1557664070375302,1.0,0.05527688904359962,5.107124871773244
501,501,1.658490714228306,-0.1663010240874134,1.0,-5.093052195136861,0.14766267923868504
502,502,1.2343220109330797,-0.6005931010846102,1.0,0.8558653135996263,5.1426340145066005
503,503,1.1891897827142912,-0.2075674336884922,1.0,0.1295879015148741,4.977476857394724
504,504,1.0060370143694373,-0.1221810438671407,1.0,0.9044649341154848,4.925801576942099
505,505,1.6606028363008734,-0.2737223614476592,1.0,0.25132028024232234,0.4317503073487946
506,506,1.0903222788305045,-0.4784343276169618,1.0,0.7473912232837507,0.013368499876587503
507,507,1.5565589581216368,-0.4197484135387025,1.0,0.023963308044212095,0.7089744698692337
508,508,1.5234096141259497,-0.436597999643893,1.0,0.38425594799981533,4.909194689015387
509,509,1.6430357700411238,-0.4150726955659168,1.0,0.4973553082606025,5.159217781433968
510,510,0.7832874225173296,-0.2395734986787464,1.0,0.6414399290443266,0.8272920441286516
511,511,1.8055125205694225,-0.3056524623490529,1.0,0.5359711890270153,5.057242409827442
512,512,1.5666522878671223,-0.4779997839858323,1.0,-5.0298464551605235,0.3383754132966029
513,513,1.6951285473824842,-0.2644149884038422,1.0,0.25048851235839875,0.4267151822462669
514,514,1.4918732904189649,-0.3489456881491466,1.0,0.27092466422797445,4.970032782108947
515,515,1.524672275490139,-0.409977241657893,1.0,0.7176188959054275,5.029317657911135
516,516,1.749426298075482,-0.189822885777781,1.0,0.8828933875904393,0.3897573655201302
517,517,1.6542823779091949,-0.4013420602785738,1.0,0.5609625134420398,4.962653628328977
518,518,1.6100854096670196,-0.3618365672358755,1.0,0.5147450507534318,0.6092006320827925
519,519,1.6719383606388352,-0.3628703564330874,1.0,0.02672707560486598,5.207986220485086
520,520,1.6041378474525436,-0.2065183225360269,1.0,0.02096642966789508,5.06161575980044
521,521,1.0141816705293136,-0.3108812225513321,1.0,0.4220321715730879,4.898619688521373
522,522,1.0114014759547416,-0.0169931466359492,1.0,0.44684748148621445,0.8151297198509094
523,523,1.3162098264449364,-0.5472317535919701,1.0,0.26204506322103516,5.141556750344005
524,524,1.0786376151893795,-0.2451218397586063,1.0,0.032428996699232715,4.9758672842182765
525,525,1.6174495899211716,-0.3612284638178941,1.0,0.8707504423338913,0.9287592096463808
526,526,1.364264211551145,-0.5302093903257834,1.0,0.21504150260126087,5.0456961135937854
527,527,1.4943567752571356,-0.5280073048170479,1.0,0.5771436039632517,5.106224738298991
528,528,0.9030107505815288,-0.1504052111788622,1.0,0.1585953884386233,4.933578974222166
529,529,0.9979608002911516,-0.1695910905349514,1.0,0.37103956256982373,0.791166639608649
530,530,1.118135604399102,-0.5633618166999659,1.0,0.7439888641347618,0.8930839403668254
531,531,1.7265205070521037,-0.409988545607523,1.0,0.40266779074373005,0.7412697514006675
532,532,1.3396883687222585,-0.5295707673987649,1.0,0.4292904817632407,4.971011131801938
533,533,0.952512869018259,-0.3589160588037045,1.0,0.5736201418959355,5.003982850607203
534,534,1.4484576793781052,-0.4467839748853329,1.0,0.2686230841353763,5.186696825014927
535,535,1.464192655132116,-0.5522626696557725,1.0,0.02031160239904628,4.928869373315122
536,536,1.122347994239676,-0.3090657185788104,1.0,0.4507728286053626,0.9138417883923081
537,537,1.3813039653459434,-0.2953919628754304,1.0,0.3033618941098881,0.2922316193513804
538,538,0.7518268988093388,-0.1155660190084454,1.0,0.6827768203636093,5.001221911585564
539,539,1.6098841173778653,-0.3456512224152789,1.0,0.10997542979946051,4.850403710323427
540,540,1.2831111134436246,-0.613012958498176,1.0,0.6216202986994511,4.979711355517815
541,541,1.442096403192282,-0.3709436626606776,1.0,0.1634410089071755,5.0041055750454095
542,542,1.2458669202120358,-0.596046443888609,1.0,0.42261293747291473,0.04189190816608557
543,543,0.9661686271839248,-0.1817296622039559,1.0,0.20552228063324252,5.0399014672093765
544,544,0.9192168960352826,-0.2472798744718976,1.0,0.42980064880445634,4.961589328640603
545,545,1.040305045505477,-0.2406525656832807,1.0,-5.163396825022321,0.5556366298445077
546,546,1.646964389013439,-0.3008747469424316,1.0,0.888805231091347,5.131755797900158
547,547,1.186387704983456,-0.5361825022069899,1.0,0.07474329162994586,4.917653835029027
548,548,1.1642688910871763,-0.4770645987798761,1.0,0.6144370175859895,4.880840893519079
549,549,1.3613327140444935,-0.5833501040252755,1.0,0.9655759616112666,0.4524596367997836
550,550,1.580795072954241,-0.3866392283186089,1.0,0.964692522142502,0.5654943129792407
551,551,0.9654023735960224,-0.2635601640850953,1.0,0.9659316506247385,4.992960480278721
552,552,1.536814941916273,-0.3152395707816196,1.0,0.5977410203145395,0.646925107747166
553,553,0.97863013666097,-0.4496499778385943,1.0,0.23832593159221682,5.035717189256729
554,554,1.638786393905186,-0.4264101766249748,1.0,0.03306643742380633,0.9971325295144968
555,555,1.5525034093116896,-0.1280274526528123,1.0,0.46599473302614236,5.069930500213793
556,556,1.1991052349360287,-0.3916345979944868,1.0,0.0021565101817649923,0.837741149546934
557,557,1.056036869190338,-0.4219770735824573,1.0,0.6448238397903974,0.7575829960180577
558,558,1.7454767135139422,-0.1266249411881768,1.0,0.7931076547407138,0.9268038651296447
559,559,1.7352587351491136,-0.2277549604740035,1.0,0.9173558725914489,0.2761410204036966
560,560,1.7194052971289988,-0.0526926885199199,1.0,0.21343784817411815,0.4442750860329311
561,561,0.9208226851446912,-0.0073164750647541,1.0,0.8348348043834899,4.945535142600991
562,562,0.940276737564712,-0.3060487220287584,1.0,0.5715590041828584,0.5760097642829634
563,563,1.1039092185234023,-0.4675109592562491,1.0,0.7136768447307944,0.06486961989506157
564,564,0.9821127590920872,-0.306011460611942,1.0,0.5902719119894929,5.103272505209145
565,565,1.5906232227510255,-0.4473963431106897,1.0,0.17605885955865452,5.008497676327183
566,566,1.01395208803655,-0.5268254521067863,1.0,0.15832257056170695,0.7320993680674498
567,567,1.6057002861059024,-0.4505137619495344,1.0,0.8151792313144105,0.895662676696674
568,568,1.0051612781906756,-0.3362119870024238,1.0,0.7868959686088626,4.942175911133277
569,569,0.9594059435902303,-0.403948714804169,1.0,0.6781458148116788,5.007270472465115
570,570,1.1374993448994284,-0.3601119331147258,1.0,0.22851967369964832,5.035355128265473
571,571,1.8264846039418603,-0.2843965568407179,1.0,0.1471977056804724,0.024710533661344014
572,572,0.8522446939580997,-0.2129686578988355,1.0,0.08138877641961717,0.6509149404391307
573,573,1.0998689766638594,-0.3886216287925332,1.0,0.8338297022219724,4.963930111103215
574,574,0.8742305651072361,-0.1249129765457591,1.0,0.947000300259445,4.970931684701956
575,575,1.1057595086171903,-0.5210520843109347,1.0,0.4428268752378125,0.5348538403706888
576,576,0.9790485659607367,-0.4211586301864514,1.0,-5.060275425919643,0.5751369193332722
577,577,0.9098152576838532,-0.2488807720710042,1.0,0.49744017863508316,5.00938560439792
578,578,1.5764361312996114,-0.2892852385793871,1.0,0.3051013043150854,0.9856146837217622
579,579,1.4094129068936565,-0.438431022947479,1.0,0.8342238814646546,0.6713016257431174
580,580,1.0681480825628364,-0.471799417738707,1.0,0.9989571131451389,4.993845822364768
581,581,0.9321451758382648,-0.181596500300763,1.0,0.657379506588003,5.011769139759594
582,582,1.5283501412270384,-0.4894871943322265,1.0,0.045145247670346667,0.9581071558966091
583,583,1.6709312749292908,-0.3217094704700663,1.0,0.7620734418659992,4.929902060590495
584,584,1.6352932921373076,-0.2180729903726867,1.0,0.005316127061562592,4.916801336590513
585,585,1.3948908395944428,-0.494020406293876,1.0,0.8932296290317898,5.100174095801848
586,586,1.645330678100845,-0.3492529163498456,1.0,0.849153021117963,0.2618883371438713
587,587,1.587493883083105,-0.283927128375521,1.0,0.27785590050297093,5.125102689239042
588,588,1.4624024683403158,-0.2130173347589691,1.0,0.8948915239235826,0.26075804066747155
589,589,1.1911184973284124,-0.4943502457346969,1.0,0.035540417174786065,4.9624906295020645
590,590,1.3784182420340707,-0.5817554736680726,1.0,-5.048081174205367,0.572092071419967
591,591,1.1543176687836336,-0.391889514715773,1.0,0.18500554357808674,5.134067510036648
592,592,1.626504645595933,-0.3498636767086956,1.0,0.9814631592319476,5.058227223348579
593,593,1.6372883396918607,-0.1497345632516257,1.0,-5.040866549062935,0.8750806699428418
594,594,1.4518702075137877,-0.2923821633983941,1.0,0.7377353548296081,4.857883580970032
595,595,0.8959213896589685,-0.0492340324169,1.0,0.9361755955699876,5.0935581121340086
596,596,0.9543785013949502,-0.4261583342461672,1.0,0.7529913947852732,4.85903494936071
597,597,1.266926732154246,-0.4213179185682092,1.0,0.4182842025169349,0.8776307409310106
598,598,1.11367873833033,-0.3558645225017354,1.0,0.25169505201284104,5.127691113232155
599,599,1.7353280420961736,-0.4093593341306706,1.0,0.12074305422134768,0.3388227948905257
